"year","month","year_month","cardinal_direction","speed_bin","count_speed_bin","count_total","percent_frequency","cumulative_percent_frequency"
"2010","1","2010-January","E",1,"137","2830","4.841","4.841"
"2010","1","2010-January","E",2,"108","2830","3.816","8.657"
"2010","1","2010-January","E",3,"134","2830","4.735","13.392"
"2010","1","2010-January","E",4,"65","2830","2.297","15.689"
"2010","1","2010-January","E",5,"42","2830","1.484","17.173"
"2010","1","2010-January","E",6,"7","2830","0.247","17.420"
"2010","1","2010-January","E",7,"1","2830","0.035","17.455"
"2010","1","2010-January","N",1,"143","2830","5.053","5.053"
"2010","1","2010-January","N",2,"238","2830","8.410","13.463"
"2010","1","2010-January","N",3,"192","2830","6.784","20.247"
"2010","1","2010-January","N",4,"66","2830","2.332","22.579"
"2010","1","2010-January","N",5,"35","2830","1.237","23.816"
"2010","1","2010-January","N",6,"4","2830","0.141","23.957"
"2010","1","2010-January","NE",1,"116","2830","4.099","4.099"
"2010","1","2010-January","NE",2,"117","2830","4.134","8.233"
"2010","1","2010-January","NE",3,"107","2830","3.781","12.014"
"2010","1","2010-January","NE",4,"65","2830","2.297","14.311"
"2010","1","2010-January","NE",5,"55","2830","1.943","16.254"
"2010","1","2010-January","NE",6,"15","2830","0.530","16.784"
"2010","1","2010-January","NE",7,"1","2830","0.035","16.819"
"2010","1","2010-January","NW",1,"173","2830","6.113","6.113"
"2010","1","2010-January","NW",2,"65","2830","2.297","8.410"
"2010","1","2010-January","NW",3,"5","2830","0.177","8.587"
"2010","1","2010-January","NW",4,"1","2830","0.035","8.622"
"2010","1","2010-January","S",1,"94","2830","3.322","3.322"
"2010","1","2010-January","S",2,"22","2830","0.777","4.099"
"2010","1","2010-January","S",3,"8","2830","0.283","4.382"
"2010","1","2010-January","S",4,"1","2830","0.035","4.417"
"2010","1","2010-January","S",5,"1","2830","0.035","4.452"
"2010","1","2010-January","SE",1,"125","2830","4.417","4.417"
"2010","1","2010-January","SE",2,"195","2830","6.890","11.307"
"2010","1","2010-January","SE",3,"104","2830","3.675","14.982"
"2010","1","2010-January","SE",4,"36","2830","1.272","16.254"
"2010","1","2010-January","SE",5,"28","2830","0.989","17.243"
"2010","1","2010-January","SE",6,"12","2830","0.424","17.667"
"2010","1","2010-January","SE",7,"1","2830","0.035","17.702"
"2010","1","2010-January","SW",1,"106","2830","3.746","3.746"
"2010","1","2010-January","SW",2,"20","2830","0.707","4.453"
"2010","1","2010-January","SW",3,"8","2830","0.283","4.736"
"2010","1","2010-January","W",1,"135","2830","4.770","4.770"
"2010","1","2010-January","W",2,"33","2830","1.166","5.936"
"2010","1","2010-January","W",3,"9","2830","0.318","6.254"
"2010","3","2010-March","E",1,"78","2010","3.881","3.881"
"2010","3","2010-March","E",2,"107","2010","5.323","9.204"
"2010","3","2010-March","E",3,"68","2010","3.383","12.587"
"2010","3","2010-March","E",4,"26","2010","1.294","13.881"
"2010","3","2010-March","E",5,"5","2010","0.249","14.130"
"2010","3","2010-March","N",1,"84","2010","4.179","4.179"
"2010","3","2010-March","N",2,"118","2010","5.871","10.050"
"2010","3","2010-March","N",3,"45","2010","2.239","12.289"
"2010","3","2010-March","N",4,"9","2010","0.448","12.737"
"2010","3","2010-March","N",5,"14","2010","0.697","13.434"
"2010","3","2010-March","N",6,"6","2010","0.299","13.733"
"2010","3","2010-March","N",7,"1","2010","0.050","13.783"
"2010","3","2010-March","N",8,"1","2010","0.050","13.833"
"2010","3","2010-March","NE",1,"139","2010","6.915","6.915"
"2010","3","2010-March","NE",2,"143","2010","7.114","14.029"
"2010","3","2010-March","NE",3,"158","2010","7.861","21.890"
"2010","3","2010-March","NE",4,"78","2010","3.881","25.771"
"2010","3","2010-March","NE",5,"35","2010","1.741","27.512"
"2010","3","2010-March","NE",6,"14","2010","0.697","28.209"
"2010","3","2010-March","NE",7,"1","2010","0.050","28.259"
"2010","3","2010-March","NW",1,"141","2010","7.015","7.015"
"2010","3","2010-March","NW",2,"72","2010","3.582","10.597"
"2010","3","2010-March","NW",3,"4","2010","0.199","10.796"
"2010","3","2010-March","S",1,"71","2010","3.532","3.532"
"2010","3","2010-March","S",2,"51","2010","2.537","6.069"
"2010","3","2010-March","S",3,"36","2010","1.791","7.860"
"2010","3","2010-March","S",4,"4","2010","0.199","8.059"
"2010","3","2010-March","SE",1,"73","2010","3.632","3.632"
"2010","3","2010-March","SE",2,"105","2010","5.224","8.856"
"2010","3","2010-March","SE",3,"53","2010","2.637","11.493"
"2010","3","2010-March","SE",4,"5","2010","0.249","11.742"
"2010","3","2010-March","SW",1,"87","2010","4.328","4.328"
"2010","3","2010-March","SW",2,"29","2010","1.443","5.771"
"2010","3","2010-March","SW",3,"12","2010","0.597","6.368"
"2010","3","2010-March","SW",4,"1","2010","0.050","6.418"
"2010","3","2010-March","W",1,"100","2010","4.975","4.975"
"2010","3","2010-March","W",2,"33","2010","1.642","6.617"
"2010","3","2010-March","W",3,"3","2010","0.149","6.766"
"2010","4","2010-April","E",1,"531","8382","6.335","6.335"
"2010","4","2010-April","E",2,"473","8382","5.643","11.978"
"2010","4","2010-April","E",3,"446","8382","5.321","17.299"
"2010","4","2010-April","E",4,"255","8382","3.042","20.341"
"2010","4","2010-April","E",5,"99","8382","1.181","21.522"
"2010","4","2010-April","E",6,"27","8382","0.322","21.844"
"2010","4","2010-April","E",7,"1","8382","0.012","21.856"
"2010","4","2010-April","N",1,"351","8382","4.188","4.188"
"2010","4","2010-April","N",2,"278","8382","3.317","7.505"
"2010","4","2010-April","N",3,"106","8382","1.265","8.770"
"2010","4","2010-April","N",4,"34","8382","0.406","9.176"
"2010","4","2010-April","N",5,"13","8382","0.155","9.331"
"2010","4","2010-April","N",6,"1","8382","0.012","9.343"
"2010","4","2010-April","N",7,"1","8382","0.012","9.355"
"2010","4","2010-April","NE",1,"524","8382","6.251","6.251"
"2010","4","2010-April","NE",2,"327","8382","3.901","10.152"
"2010","4","2010-April","NE",3,"136","8382","1.623","11.775"
"2010","4","2010-April","NE",4,"62","8382","0.740","12.515"
"2010","4","2010-April","NE",5,"25","8382","0.298","12.813"
"2010","4","2010-April","NE",6,"2","8382","0.024","12.837"
"2010","4","2010-April","NW",1,"213","8382","2.541","2.541"
"2010","4","2010-April","NW",2,"114","8382","1.360","3.901"
"2010","4","2010-April","NW",3,"39","8382","0.465","4.366"
"2010","4","2010-April","NW",4,"9","8382","0.107","4.473"
"2010","4","2010-April","S",1,"204","8382","2.434","2.434"
"2010","4","2010-April","S",2,"289","8382","3.448","5.882"
"2010","4","2010-April","S",3,"296","8382","3.531","9.413"
"2010","4","2010-April","S",4,"205","8382","2.446","11.859"
"2010","4","2010-April","S",5,"99","8382","1.181","13.040"
"2010","4","2010-April","S",6,"17","8382","0.203","13.243"
"2010","4","2010-April","S",7,"3","8382","0.036","13.279"
"2010","4","2010-April","SE",1,"381","8382","4.545","4.545"
"2010","4","2010-April","SE",2,"824","8382","9.831","14.376"
"2010","4","2010-April","SE",3,"667","8382","7.958","22.334"
"2010","4","2010-April","SE",4,"356","8382","4.247","26.581"
"2010","4","2010-April","SE",5,"188","8382","2.243","28.824"
"2010","4","2010-April","SE",6,"39","8382","0.465","29.289"
"2010","4","2010-April","SE",7,"1","8382","0.012","29.301"
"2010","4","2010-April","SW",1,"148","8382","1.766","1.766"
"2010","4","2010-April","SW",2,"152","8382","1.813","3.579"
"2010","4","2010-April","SW",3,"89","8382","1.062","4.641"
"2010","4","2010-April","SW",4,"23","8382","0.274","4.915"
"2010","4","2010-April","SW",5,"5","8382","0.060","4.975"
"2010","4","2010-April","W",1,"150","8382","1.790","1.790"
"2010","4","2010-April","W",2,"119","8382","1.420","3.210"
"2010","4","2010-April","W",3,"58","8382","0.692","3.902"
"2010","4","2010-April","W",4,"1","8382","0.012","3.914"
"2010","4","2010-April","W",5,"1","8382","0.012","3.926"
"2010","5","2010-May","E",1,"646","8643","7.474","7.474"
"2010","5","2010-May","E",2,"553","8643","6.398","13.872"
"2010","5","2010-May","E",3,"135","8643","1.562","15.434"
"2010","5","2010-May","E",4,"54","8643","0.625","16.059"
"2010","5","2010-May","E",5,"6","8643","0.069","16.128"
"2010","5","2010-May","E",6,"1","8643","0.012","16.140"
"2010","5","2010-May","E",7,"1","8643","0.012","16.152"
"2010","5","2010-May","N",1,"287","8643","3.321","3.321"
"2010","5","2010-May","N",2,"267","8643","3.089","6.410"
"2010","5","2010-May","N",3,"96","8643","1.111","7.521"
"2010","5","2010-May","N",4,"12","8643","0.139","7.660"
"2010","5","2010-May","N",5,"7","8643","0.081","7.741"
"2010","5","2010-May","NE",1,"640","8643","7.405","7.405"
"2010","5","2010-May","NE",2,"389","8643","4.501","11.906"
"2010","5","2010-May","NE",3,"101","8643","1.169","13.075"
"2010","5","2010-May","NE",4,"31","8643","0.359","13.434"
"2010","5","2010-May","NE",5,"5","8643","0.058","13.492"
"2010","5","2010-May","NW",1,"120","8643","1.388","1.388"
"2010","5","2010-May","NW",2,"161","8643","1.863","3.251"
"2010","5","2010-May","NW",3,"105","8643","1.215","4.466"
"2010","5","2010-May","NW",4,"20","8643","0.231","4.697"
"2010","5","2010-May","NW",5,"2","8643","0.023","4.720"
"2010","5","2010-May","S",1,"179","8643","2.071","2.071"
"2010","5","2010-May","S",2,"348","8643","4.026","6.097"
"2010","5","2010-May","S",3,"381","8643","4.408","10.505"
"2010","5","2010-May","S",4,"200","8643","2.314","12.819"
"2010","5","2010-May","S",5,"78","8643","0.902","13.721"
"2010","5","2010-May","S",6,"15","8643","0.174","13.895"
"2010","5","2010-May","S",7,"1","8643","0.012","13.907"
"2010","5","2010-May","SE",1,"366","8643","4.235","4.235"
"2010","5","2010-May","SE",2,"805","8643","9.314","13.549"
"2010","5","2010-May","SE",3,"595","8643","6.884","20.433"
"2010","5","2010-May","SE",4,"220","8643","2.545","22.978"
"2010","5","2010-May","SE",5,"41","8643","0.474","23.452"
"2010","5","2010-May","SE",6,"6","8643","0.069","23.521"
"2010","5","2010-May","SE",7,"2","8643","0.023","23.544"
"2010","5","2010-May","SW",1,"163","8643","1.886","1.886"
"2010","5","2010-May","SW",2,"408","8643","4.721","6.607"
"2010","5","2010-May","SW",3,"334","8643","3.864","10.471"
"2010","5","2010-May","SW",4,"69","8643","0.798","11.269"
"2010","5","2010-May","SW",5,"5","8643","0.058","11.327"
"2010","5","2010-May","SW",6,"1","8643","0.012","11.339"
"2010","5","2010-May","W",1,"132","8643","1.527","1.527"
"2010","5","2010-May","W",2,"273","8643","3.159","4.686"
"2010","5","2010-May","W",3,"287","8643","3.321","8.007"
"2010","5","2010-May","W",4,"88","8643","1.018","9.025"
"2010","5","2010-May","W",5,"7","8643","0.081","9.106"
"2010","6","2010-June","E",1,"808","8265","9.776","9.776"
"2010","6","2010-June","E",2,"805","8265","9.740","19.516"
"2010","6","2010-June","E",3,"87","8265","1.053","20.569"
"2010","6","2010-June","E",4,"9","8265","0.109","20.678"
"2010","6","2010-June","E",5,"3","8265","0.036","20.714"
"2010","6","2010-June","N",1,"452","8265","5.469","5.469"
"2010","6","2010-June","N",2,"344","8265","4.162","9.631"
"2010","6","2010-June","N",3,"131","8265","1.585","11.216"
"2010","6","2010-June","N",4,"39","8265","0.472","11.688"
"2010","6","2010-June","N",5,"14","8265","0.169","11.857"
"2010","6","2010-June","N",6,"3","8265","0.036","11.893"
"2010","6","2010-June","N",7,"1","8265","0.012","11.905"
"2010","6","2010-June","N",8,"1","8265","0.012","11.917"
"2010","6","2010-June","NE",1,"841","8265","10.175","10.175"
"2010","6","2010-June","NE",2,"623","8265","7.538","17.713"
"2010","6","2010-June","NE",3,"92","8265","1.113","18.826"
"2010","6","2010-June","NE",4,"20","8265","0.242","19.068"
"2010","6","2010-June","NE",5,"4","8265","0.048","19.116"
"2010","6","2010-June","NE",6,"3","8265","0.036","19.152"
"2010","6","2010-June","NW",1,"187","8265","2.263","2.263"
"2010","6","2010-June","NW",2,"209","8265","2.529","4.792"
"2010","6","2010-June","NW",3,"92","8265","1.113","5.905"
"2010","6","2010-June","NW",4,"11","8265","0.133","6.038"
"2010","6","2010-June","NW",5,"2","8265","0.024","6.062"
"2010","6","2010-June","NW",6,"1","8265","0.012","6.074"
"2010","6","2010-June","S",1,"249","8265","3.013","3.013"
"2010","6","2010-June","S",2,"219","8265","2.650","5.663"
"2010","6","2010-June","S",3,"119","8265","1.440","7.103"
"2010","6","2010-June","S",4,"53","8265","0.641","7.744"
"2010","6","2010-June","S",5,"16","8265","0.194","7.938"
"2010","6","2010-June","S",7,"2","8265","0.024","7.962"
"2010","6","2010-June","SE",1,"360","8265","4.356","4.356"
"2010","6","2010-June","SE",2,"542","8265","6.558","10.914"
"2010","6","2010-June","SE",3,"241","8265","2.916","13.830"
"2010","6","2010-June","SE",4,"131","8265","1.585","15.415"
"2010","6","2010-June","SE",5,"26","8265","0.315","15.730"
"2010","6","2010-June","SE",6,"3","8265","0.036","15.766"
"2010","6","2010-June","SW",1,"239","8265","2.892","2.892"
"2010","6","2010-June","SW",2,"256","8265","3.097","5.989"
"2010","6","2010-June","SW",3,"240","8265","2.904","8.893"
"2010","6","2010-June","SW",4,"33","8265","0.399","9.292"
"2010","6","2010-June","SW",5,"3","8265","0.036","9.328"
"2010","6","2010-June","SW",6,"1","8265","0.012","9.340"
"2010","6","2010-June","W",1,"189","8265","2.287","2.287"
"2010","6","2010-June","W",2,"319","8265","3.860","6.147"
"2010","6","2010-June","W",3,"211","8265","2.553","8.700"
"2010","6","2010-June","W",4,"29","8265","0.351","9.051"
"2010","6","2010-June","W",5,"2","8265","0.024","9.075"
"2010","7","2010-July","E",1,"585","7602","7.695","7.695"
"2010","7","2010-July","E",2,"541","7602","7.117","14.812"
"2010","7","2010-July","E",3,"94","7602","1.237","16.049"
"2010","7","2010-July","E",4,"21","7602","0.276","16.325"
"2010","7","2010-July","E",5,"4","7602","0.053","16.378"
"2010","7","2010-July","E",6,"13","7602","0.171","16.549"
"2010","7","2010-July","E",7,"13","7602","0.171","16.720"
"2010","7","2010-July","E",8,"3","7602","0.039","16.759"
"2010","7","2010-July","N",1,"381","7602","5.012","5.012"
"2010","7","2010-July","N",2,"538","7602","7.077","12.089"
"2010","7","2010-July","N",3,"256","7602","3.368","15.457"
"2010","7","2010-July","N",4,"40","7602","0.526","15.983"
"2010","7","2010-July","N",5,"6","7602","0.079","16.062"
"2010","7","2010-July","N",6,"6","7602","0.079","16.141"
"2010","7","2010-July","N",7,"3","7602","0.039","16.180"
"2010","7","2010-July","N",8,"7","7602","0.092","16.272"
"2010","7","2010-July","N",9,"13","7602","0.171","16.443"
"2010","7","2010-July","N",10,"5","7602","0.066","16.509"
"2010","7","2010-July","N",11,"3","7602","0.039","16.548"
"2010","7","2010-July","N",12,"1","7602","0.013","16.561"
"2010","7","2010-July","NE",1,"576","7602","7.577","7.577"
"2010","7","2010-July","NE",2,"566","7602","7.445","15.022"
"2010","7","2010-July","NE",3,"104","7602","1.368","16.390"
"2010","7","2010-July","NE",4,"15","7602","0.197","16.587"
"2010","7","2010-July","NE",5,"4","7602","0.053","16.640"
"2010","7","2010-July","NE",6,"5","7602","0.066","16.706"
"2010","7","2010-July","NE",7,"2","7602","0.026","16.732"
"2010","7","2010-July","NE",8,"3","7602","0.039","16.771"
"2010","7","2010-July","NE",9,"1","7602","0.013","16.784"
"2010","7","2010-July","NE",10,"1","7602","0.013","16.797"
"2010","7","2010-July","NE",11,"1","7602","0.013","16.810"
"2010","7","2010-July","NW",1,"206","7602","2.710","2.710"
"2010","7","2010-July","NW",2,"275","7602","3.617","6.327"
"2010","7","2010-July","NW",3,"130","7602","1.710","8.037"
"2010","7","2010-July","NW",4,"23","7602","0.303","8.340"
"2010","7","2010-July","NW",5,"6","7602","0.079","8.419"
"2010","7","2010-July","NW",6,"5","7602","0.066","8.485"
"2010","7","2010-July","NW",7,"1","7602","0.013","8.498"
"2010","7","2010-July","NW",8,"1","7602","0.013","8.511"
"2010","7","2010-July","NW",9,"2","7602","0.026","8.537"
"2010","7","2010-July","S",1,"158","7602","2.078","2.078"
"2010","7","2010-July","S",2,"116","7602","1.526","3.604"
"2010","7","2010-July","S",3,"103","7602","1.355","4.959"
"2010","7","2010-July","S",4,"46","7602","0.605","5.564"
"2010","7","2010-July","S",5,"18","7602","0.237","5.801"
"2010","7","2010-July","S",6,"7","7602","0.092","5.893"
"2010","7","2010-July","SE",1,"246","7602","3.236","3.236"
"2010","7","2010-July","SE",2,"530","7602","6.972","10.208"
"2010","7","2010-July","SE",3,"395","7602","5.196","15.404"
"2010","7","2010-July","SE",4,"186","7602","2.447","17.851"
"2010","7","2010-July","SE",5,"117","7602","1.539","19.390"
"2010","7","2010-July","SE",6,"55","7602","0.723","20.113"
"2010","7","2010-July","SE",7,"7","7602","0.092","20.205"
"2010","7","2010-July","SE",8,"1","7602","0.013","20.218"
"2010","7","2010-July","SW",1,"198","7602","2.605","2.605"
"2010","7","2010-July","SW",2,"212","7602","2.789","5.394"
"2010","7","2010-July","SW",3,"124","7602","1.631","7.025"
"2010","7","2010-July","SW",4,"10","7602","0.132","7.157"
"2010","7","2010-July","SW",5,"1","7602","0.013","7.170"
"2010","7","2010-July","W",1,"206","7602","2.710","2.710"
"2010","7","2010-July","W",2,"280","7602","3.683","6.393"
"2010","7","2010-July","W",3,"119","7602","1.565","7.958"
"2010","7","2010-July","W",4,"7","7602","0.092","8.050"
"2010","8","2010-August","E",1,"462","7464","6.190","6.190"
"2010","8","2010-August","E",2,"601","7464","8.052","14.242"
"2010","8","2010-August","E",3,"73","7464","0.978","15.220"
"2010","8","2010-August","E",4,"14","7464","0.188","15.408"
"2010","8","2010-August","E",5,"1","7464","0.013","15.421"
"2010","8","2010-August","E",6,"1","7464","0.013","15.434"
"2010","8","2010-August","N",1,"255","7464","3.416","3.416"
"2010","8","2010-August","N",2,"513","7464","6.873","10.289"
"2010","8","2010-August","N",3,"286","7464","3.832","14.121"
"2010","8","2010-August","N",4,"43","7464","0.576","14.697"
"2010","8","2010-August","N",5,"6","7464","0.080","14.777"
"2010","8","2010-August","N",6,"3","7464","0.040","14.817"
"2010","8","2010-August","N",7,"2","7464","0.027","14.844"
"2010","8","2010-August","NE",1,"508","7464","6.806","6.806"
"2010","8","2010-August","NE",2,"534","7464","7.154","13.960"
"2010","8","2010-August","NE",3,"51","7464","0.683","14.643"
"2010","8","2010-August","NE",4,"3","7464","0.040","14.683"
"2010","8","2010-August","NW",1,"155","7464","2.077","2.077"
"2010","8","2010-August","NW",2,"280","7464","3.751","5.828"
"2010","8","2010-August","NW",3,"163","7464","2.184","8.012"
"2010","8","2010-August","NW",4,"37","7464","0.496","8.508"
"2010","8","2010-August","NW",5,"7","7464","0.094","8.602"
"2010","8","2010-August","NW",6,"2","7464","0.027","8.629"
"2010","8","2010-August","S",1,"159","7464","2.130","2.130"
"2010","8","2010-August","S",2,"261","7464","3.497","5.627"
"2010","8","2010-August","S",3,"158","7464","2.117","7.744"
"2010","8","2010-August","S",4,"41","7464","0.549","8.293"
"2010","8","2010-August","S",5,"5","7464","0.067","8.360"
"2010","8","2010-August","S",6,"1","7464","0.013","8.373"
"2010","8","2010-August","SE",1,"186","7464","2.492","2.492"
"2010","8","2010-August","SE",2,"478","7464","6.404","8.896"
"2010","8","2010-August","SE",3,"245","7464","3.282","12.178"
"2010","8","2010-August","SE",4,"25","7464","0.335","12.513"
"2010","8","2010-August","SE",5,"1","7464","0.013","12.526"
"2010","8","2010-August","SW",1,"124","7464","1.661","1.661"
"2010","8","2010-August","SW",2,"297","7464","3.979","5.640"
"2010","8","2010-August","SW",3,"445","7464","5.962","11.602"
"2010","8","2010-August","SW",4,"194","7464","2.599","14.201"
"2010","8","2010-August","SW",5,"48","7464","0.643","14.844"
"2010","8","2010-August","SW",6,"3","7464","0.040","14.884"
"2010","8","2010-August","W",1,"152","7464","2.036","2.036"
"2010","8","2010-August","W",2,"241","7464","3.229","5.265"
"2010","8","2010-August","W",3,"299","7464","4.006","9.271"
"2010","8","2010-August","W",4,"79","7464","1.058","10.329"
"2010","8","2010-August","W",5,"17","7464","0.228","10.557"
"2010","8","2010-August","W",6,"5","7464","0.067","10.624"
"2010","9","2010-September","E",1,"572","7303","7.832","7.832"
"2010","9","2010-September","E",2,"611","7303","8.366","16.198"
"2010","9","2010-September","E",3,"75","7303","1.027","17.225"
"2010","9","2010-September","E",4,"5","7303","0.068","17.293"
"2010","9","2010-September","E",5,"2","7303","0.027","17.320"
"2010","9","2010-September","E",6,"1","7303","0.014","17.334"
"2010","9","2010-September","N",1,"471","7303","6.449","6.449"
"2010","9","2010-September","N",2,"431","7303","5.902","12.351"
"2010","9","2010-September","N",3,"171","7303","2.342","14.693"
"2010","9","2010-September","N",4,"41","7303","0.561","15.254"
"2010","9","2010-September","N",5,"17","7303","0.233","15.487"
"2010","9","2010-September","N",6,"9","7303","0.123","15.610"
"2010","9","2010-September","N",7,"2","7303","0.027","15.637"
"2010","9","2010-September","NE",1,"637","7303","8.722","8.722"
"2010","9","2010-September","NE",2,"526","7303","7.203","15.925"
"2010","9","2010-September","NE",3,"115","7303","1.575","17.500"
"2010","9","2010-September","NE",4,"33","7303","0.452","17.952"
"2010","9","2010-September","NE",5,"8","7303","0.110","18.062"
"2010","9","2010-September","NE",6,"3","7303","0.041","18.103"
"2010","9","2010-September","NE",7,"2","7303","0.027","18.130"
"2010","9","2010-September","NW",1,"247","7303","3.382","3.382"
"2010","9","2010-September","NW",2,"218","7303","2.985","6.367"
"2010","9","2010-September","NW",3,"49","7303","0.671","7.038"
"2010","9","2010-September","NW",4,"6","7303","0.082","7.120"
"2010","9","2010-September","NW",5,"3","7303","0.041","7.161"
"2010","9","2010-September","NW",6,"2","7303","0.027","7.188"
"2010","9","2010-September","S",1,"200","7303","2.739","2.739"
"2010","9","2010-September","S",2,"158","7303","2.163","4.902"
"2010","9","2010-September","S",3,"131","7303","1.794","6.696"
"2010","9","2010-September","S",4,"51","7303","0.698","7.394"
"2010","9","2010-September","S",5,"7","7303","0.096","7.490"
"2010","9","2010-September","S",6,"1","7303","0.014","7.504"
"2010","9","2010-September","SE",1,"264","7303","3.615","3.615"
"2010","9","2010-September","SE",2,"408","7303","5.587","9.202"
"2010","9","2010-September","SE",3,"241","7303","3.300","12.502"
"2010","9","2010-September","SE",4,"61","7303","0.835","13.337"
"2010","9","2010-September","SE",5,"10","7303","0.137","13.474"
"2010","9","2010-September","SE",6,"1","7303","0.014","13.488"
"2010","9","2010-September","SE",7,"2","7303","0.027","13.515"
"2010","9","2010-September","SW",1,"231","7303","3.163","3.163"
"2010","9","2010-September","SW",2,"263","7303","3.601","6.764"
"2010","9","2010-September","SW",3,"269","7303","3.683","10.447"
"2010","9","2010-September","SW",4,"60","7303","0.822","11.269"
"2010","9","2010-September","SW",5,"8","7303","0.110","11.379"
"2010","9","2010-September","W",1,"235","7303","3.218","3.218"
"2010","9","2010-September","W",2,"259","7303","3.546","6.764"
"2010","9","2010-September","W",3,"163","7303","2.232","8.996"
"2010","9","2010-September","W",4,"23","7303","0.315","9.311"
"2010","10","2010-October","E",1,"453","6315","7.173","7.173"
"2010","10","2010-October","E",2,"262","6315","4.149","11.322"
"2010","10","2010-October","E",3,"66","6315","1.045","12.367"
"2010","10","2010-October","E",4,"23","6315","0.364","12.731"
"2010","10","2010-October","E",5,"4","6315","0.063","12.794"
"2010","10","2010-October","N",1,"485","6315","7.680","7.680"
"2010","10","2010-October","N",2,"425","6315","6.730","14.410"
"2010","10","2010-October","N",3,"198","6315","3.135","17.545"
"2010","10","2010-October","N",4,"46","6315","0.728","18.273"
"2010","10","2010-October","N",5,"8","6315","0.127","18.400"
"2010","10","2010-October","N",6,"5","6315","0.079","18.479"
"2010","10","2010-October","N",7,"1","6315","0.016","18.495"
"2010","10","2010-October","NE",1,"606","6315","9.596","9.596"
"2010","10","2010-October","NE",2,"434","6315","6.873","16.469"
"2010","10","2010-October","NE",3,"146","6315","2.312","18.781"
"2010","10","2010-October","NE",4,"59","6315","0.934","19.715"
"2010","10","2010-October","NE",5,"18","6315","0.285","20.000"
"2010","10","2010-October","NE",6,"4","6315","0.063","20.063"
"2010","10","2010-October","NW",1,"228","6315","3.610","3.610"
"2010","10","2010-October","NW",2,"169","6315","2.676","6.286"
"2010","10","2010-October","NW",3,"81","6315","1.283","7.569"
"2010","10","2010-October","NW",4,"2","6315","0.032","7.601"
"2010","10","2010-October","S",1,"259","6315","4.101","4.101"
"2010","10","2010-October","S",2,"156","6315","2.470","6.571"
"2010","10","2010-October","S",3,"126","6315","1.995","8.566"
"2010","10","2010-October","S",4,"65","6315","1.029","9.595"
"2010","10","2010-October","S",5,"39","6315","0.618","10.213"
"2010","10","2010-October","S",6,"8","6315","0.127","10.340"
"2010","10","2010-October","S",7,"1","6315","0.016","10.356"
"2010","10","2010-October","SE",1,"332","6315","5.257","5.257"
"2010","10","2010-October","SE",2,"383","6315","6.065","11.322"
"2010","10","2010-October","SE",3,"287","6315","4.545","15.867"
"2010","10","2010-October","SE",4,"107","6315","1.694","17.561"
"2010","10","2010-October","SE",5,"50","6315","0.792","18.353"
"2010","10","2010-October","SE",6,"20","6315","0.317","18.670"
"2010","10","2010-October","SE",7,"1","6315","0.016","18.686"
"2010","10","2010-October","SW",1,"150","6315","2.375","2.375"
"2010","10","2010-October","SW",2,"108","6315","1.710","4.085"
"2010","10","2010-October","SW",3,"51","6315","0.808","4.893"
"2010","10","2010-October","SW",4,"23","6315","0.364","5.257"
"2010","10","2010-October","SW",5,"16","6315","0.253","5.510"
"2010","10","2010-October","SW",6,"2","6315","0.032","5.542"
"2010","10","2010-October","W",1,"174","6315","2.755","2.755"
"2010","10","2010-October","W",2,"141","6315","2.233","4.988"
"2010","10","2010-October","W",3,"88","6315","1.394","6.382"
"2010","10","2010-October","W",4,"5","6315","0.079","6.461"
"2010","11","2010-November","E",1,"498","6742","7.387","7.387"
"2010","11","2010-November","E",2,"341","6742","5.058","12.445"
"2010","11","2010-November","E",3,"65","6742","0.964","13.409"
"2010","11","2010-November","E",4,"8","6742","0.119","13.528"
"2010","11","2010-November","E",5,"1","6742","0.015","13.543"
"2010","11","2010-November","E",6,"1","6742","0.015","13.558"
"2010","11","2010-November","N",1,"679","6742","10.071","10.071"
"2010","11","2010-November","N",2,"748","6742","11.095","21.166"
"2010","11","2010-November","N",3,"371","6742","5.503","26.669"
"2010","11","2010-November","N",4,"67","6742","0.994","27.663"
"2010","11","2010-November","N",5,"15","6742","0.222","27.885"
"2010","11","2010-November","N",6,"2","6742","0.030","27.915"
"2010","11","2010-November","N",7,"1","6742","0.015","27.930"
"2010","11","2010-November","NE",1,"676","6742","10.027","10.027"
"2010","11","2010-November","NE",2,"510","6742","7.565","17.592"
"2010","11","2010-November","NE",3,"206","6742","3.055","20.647"
"2010","11","2010-November","NE",4,"54","6742","0.801","21.448"
"2010","11","2010-November","NE",5,"15","6742","0.222","21.670"
"2010","11","2010-November","NE",6,"3","6742","0.044","21.714"
"2010","11","2010-November","NE",7,"2","6742","0.030","21.744"
"2010","11","2010-November","NW",1,"449","6742","6.660","6.660"
"2010","11","2010-November","NW",2,"230","6742","3.411","10.071"
"2010","11","2010-November","NW",3,"53","6742","0.786","10.857"
"2010","11","2010-November","NW",4,"3","6742","0.044","10.901"
"2010","11","2010-November","S",1,"248","6742","3.678","3.678"
"2010","11","2010-November","S",2,"102","6742","1.513","5.191"
"2010","11","2010-November","S",3,"31","6742","0.460","5.651"
"2010","11","2010-November","S",4,"6","6742","0.089","5.740"
"2010","11","2010-November","SE",1,"284","6742","4.212","4.212"
"2010","11","2010-November","SE",2,"292","6742","4.331","8.543"
"2010","11","2010-November","SE",3,"106","6742","1.572","10.115"
"2010","11","2010-November","SE",4,"8","6742","0.119","10.234"
"2010","11","2010-November","SW",1,"195","6742","2.892","2.892"
"2010","11","2010-November","SW",2,"58","6742","0.860","3.752"
"2010","11","2010-November","SW",3,"6","6742","0.089","3.841"
"2010","11","2010-November","SW",4,"2","6742","0.030","3.871"
"2010","11","2010-November","W",1,"268","6742","3.975","3.975"
"2010","11","2010-November","W",2,"118","6742","1.750","5.725"
"2010","11","2010-November","W",3,"20","6742","0.297","6.022"
"2010","12","2010-December","E",1,"496","6838","7.254","7.254"
"2010","12","2010-December","E",2,"303","6838","4.431","11.685"
"2010","12","2010-December","E",3,"61","6838","0.892","12.577"
"2010","12","2010-December","E",4,"14","6838","0.205","12.782"
"2010","12","2010-December","N",1,"610","6838","8.921","8.921"
"2010","12","2010-December","N",2,"623","6838","9.111","18.032"
"2010","12","2010-December","N",3,"291","6838","4.256","22.288"
"2010","12","2010-December","N",4,"103","6838","1.506","23.794"
"2010","12","2010-December","N",5,"20","6838","0.292","24.086"
"2010","12","2010-December","N",6,"1","6838","0.015","24.101"
"2010","12","2010-December","NE",1,"526","6838","7.692","7.692"
"2010","12","2010-December","NE",2,"574","6838","8.394","16.086"
"2010","12","2010-December","NE",3,"380","6838","5.557","21.643"
"2010","12","2010-December","NE",4,"149","6838","2.179","23.822"
"2010","12","2010-December","NE",5,"22","6838","0.322","24.144"
"2010","12","2010-December","NW",1,"521","6838","7.619","7.619"
"2010","12","2010-December","NW",2,"216","6838","3.159","10.778"
"2010","12","2010-December","NW",3,"20","6838","0.292","11.070"
"2010","12","2010-December","S",1,"299","6838","4.373","4.373"
"2010","12","2010-December","S",2,"137","6838","2.004","6.377"
"2010","12","2010-December","S",3,"25","6838","0.366","6.743"
"2010","12","2010-December","S",4,"1","6838","0.015","6.758"
"2010","12","2010-December","SE",1,"342","6838","5.001","5.001"
"2010","12","2010-December","SE",2,"326","6838","4.767","9.768"
"2010","12","2010-December","SE",3,"92","6838","1.345","11.113"
"2010","12","2010-December","SE",4,"5","6838","0.073","11.186"
"2010","12","2010-December","SW",1,"229","6838","3.349","3.349"
"2010","12","2010-December","SW",2,"59","6838","0.863","4.212"
"2010","12","2010-December","SW",3,"4","6838","0.058","4.270"
"2010","12","2010-December","W",1,"321","6838","4.694","4.694"
"2010","12","2010-December","W",2,"66","6838","0.965","5.659"
"2010","12","2010-December","W",3,"2","6838","0.029","5.688"
